{"page": 1, "results": [{"adult": false, "backdrop_path": "/eHWmEUP4fa7h1Fe7TXfTL7ncDl8.jpg", "genre_ids": [28, 12, 16, 35, 10751], "id": 140300, "original_language": "en", "original_title": "Kung Fu Panda 3", "overview": "Continuing his \"legendary adventures of awesomeness\", Po must face two hugely epic, but different threats: one supernatural and the other a little closer to his home.", "release_date": "2016-01-23", "poster_path": "/MZFPacfKzgisnPoJIPEFZUXBBT.jpg", "popularity": 5.21249, "title": "Kung Fu Panda 3", "video": false, "vote_average": 6.6, "vote_count": 968}, {"adult": false, "backdrop_path": "/7u3pxc0K1wx32IleAkLv78MKgrw.jpg", "genre_ids": [28, 878], "id": 603, "original_language": "en", "original_title": "The Matrix", "overview": "Set in the 22nd century, The Matrix tells the story of a computer hacker who joins a group of underground insurgents fighting the vast and powerful computers who now rule the earth.", "release_date": "1999-03-30", "poster_path": "/lZpWprJqbIFpEV5uoHfoK0KCnTW.jpg", "popularity": 7.192635, "title": "The Matrix", "video": false, "vote_average": 7.8, "vote_count": 6381}, {"adult": false, "backdrop_path": "/1jgulSytTJcATkGX8syGbD2glXD.jpg", "genre_ids": [12, 28, 53, 878], "id": 604, "original_language": "en", "original_title": "The Matrix Reloaded", "overview": "Six months after the events depicted in The Matrix, Neo has proved to be a good omen for the free humans, as more and more humans are being freed from the matrix and brought to Zion, the one and only stronghold of the Resistance.  Neo himself has discovered his superpowers including super speed, ability to see the codes of the things inside the matrix and a certain degree of pre-cognition. But a nasty piece of news hits the human resistance: 250,000 machine sentinels are digging to Zion and would reach them in 72 hours. As Zion prepares for the ultimate war, Neo, Morpheus and Trinity are advised by the Oracle to find the Keymaker who would help them reach the Source.  Meanwhile Neo's recurrent dreams depicting Trinity's death have got him worried and as if it was not enough, Agent Smith has somehow escaped deletion, has become more powerful than before and has fixed Neo as his next target.", "release_date": "2003-05-15", "poster_path": "/ezIurBz2fdUc68d98Fp9dRf5ihv.jpg", "popularity": 3.061886, "title": "The Matrix Reloaded", "video": false, "vote_average": 6.6, "vote_count": 2384}, {"adult": false, "backdrop_path": "/kkS8PKa8c134vXsj2fQkNqOaCXU.jpg", "genre_ids": [28, 80], "id": 24, "original_language": "en", "original_title": "Kill Bill: Vol. 1", "overview": "An assassin is shot at the altar by her ruthless employer, Bill and other members of their assassination circle \u2013 but 'The Bride' lives to plot her vengeance. Setting out for some payback, she makes a death list and hunts down those who wronged her, saving Bill for last.", "release_date": "2003-10-10", "poster_path": "/vdENJAPObttowMtIwe9jgtbsEnq.jpg", "popularity": 4.574789, "title": "Kill Bill: Vol. 1", "video": false, "vote_average": 7.6, "vote_count": 2955}, {"adult": false, "backdrop_path": "/UJwhgwAxU42cm9XKncO9boFAEV.jpg", "genre_ids": [16, 10751], "id": 9502, "original_language": "en", "original_title": "Kung Fu Panda", "overview": "When the Valley of Peace is threatened, lazy Po the panda discovers his destiny as the \"chosen one\" and trains to become a kung fu hero, but transforming the unsleek slacker into a brave warrior won't be easy. It's up to Master Shifu and the Furious Five -- Tigress, Crane, Mantis, Viper and Monkey -- to give it a try.", "release_date": "2008-06-04", "poster_path": "/2Paj1nufT0jeSY0G4u3RC31HIGT.jpg", "popularity": 3.55635, "title": "Kung Fu Panda", "video": false, "vote_average": 6.8, "vote_count": 1945}, {"adult": false, "backdrop_path": "/pdVHUsb2eEz9ALNTr6wfRJe5xVa.jpg", "genre_ids": [12, 28, 53, 878], "id": 605, "original_language": "en", "original_title": "The Matrix Revolutions", "overview": "The human city of Zion defends itself against the massive invasion of the machines as Neo fights to end the war at another front while also opposing the rogue Agent Smith.", "release_date": "2003-11-05", "poster_path": "/sKogjhfs5q3azmpW7DFKKAeLEG8.jpg", "popularity": 3.206648, "title": "The Matrix Revolutions", "video": false, "vote_average": 6.4, "vote_count": 2146}, {"adult": false, "backdrop_path": "/yQWiRYbsO0ceVm6EJ7TUaFXbYx1.jpg", "genre_ids": [18, 36, 10752, 28], "id": 2024, "original_language": "en", "original_title": "The Patriot", "overview": "After proving himself on the field of battle in the French and Indian War, Benjamin Martin wants nothing more to do with such things, preferring the simple life of a farmer. But when his son Gabriel enlists in the army to defend their new nation, America, against the British, Benjamin reluctantly returns to his old life to protect his son.", "release_date": "2000-06-28", "poster_path": "/tgXOraQmKatqrVs2KMgnNn6QpO.jpg", "popularity": 3.016252, "title": "The Patriot", "video": false, "vote_average": 6.7, "vote_count": 652}, {"adult": false, "backdrop_path": "/W0MNr3XN95U5KLD9xIQD96YKcS.jpg", "genre_ids": [28, 35, 878, 14], "id": 251516, "original_language": "en", "original_title": "Kung Fury", "overview": "During an unfortunate series of events, a friend of Kung Fury is assassinated by the most dangerous kung fu master criminal of all time, Adolf Hitler, a.k.a Kung F\u00fchrer.  Kung Fury decides to travel back in time to Nazi Germany in order to kill Hitler and end the Nazi empire once and for all.", "release_date": "2015-05-28", "poster_path": "/oJWzpGCLIj3uYa0ux19T2WwzTOf.jpg", "popularity": 2.430815, "title": "Kung Fury", "video": false, "vote_average": 7.7, "vote_count": 491}, {"adult": false, "backdrop_path": "/iZOgAvUt6q356da1sfYz1UalNO.jpg", "genre_ids": [80, 18, 10749, 53], "id": 3134, "original_language": "fr", "original_title": "Baise-moi", "overview": "Manu has lived a difficult life. Abused and violently raped, she sets off to find herself only to meet Nadine, a prostitute who has encountered one too many injustices in the world. Angry at the world, they embark on a twisted, rage-filled road trip. They choose to have sex when they please and kill when they need. Leaving a trail of mischief and dead bodies in their wake. Generating a media blitz and manhunt, soon everyone is out to capture the young fugitives.", "release_date": "2000-06-28", "poster_path": "/sLvsIgWMH9bV1IZnZOzY5dXKUHe.jpg", "popularity": 2.367978, "title": "Fuck Me", "video": false, "vote_average": 4.1, "vote_count": 34}, {"adult": false, "backdrop_path": "/3c7e0IywQOmPKyVRPwNe2uys0MZ.jpg", "genre_ids": [28, 878], "id": 8202, "original_language": "en", "original_title": "\u00c6on Flux", "overview": "400 years into the future, disease has wiped out the majority of the world's population, except one walled city, Bregna, ruled by a congress of scientists. When \u00c6on Flux, the top operative in the underground 'Monican' rebellion, is sent on a mission to kill a government leader, she uncovers a world of secrets.", "release_date": "2005-11-30", "poster_path": "/3rKw2QInyaACZ6wnqSg4nAXgKal.jpg", "popularity": 2.237432, "title": "\u00c6on Flux", "video": false, "vote_average": 5.3, "vote_count": 412}, {"adult": false, "backdrop_path": "/wNm3hNJuOk117wEwuESKO8eCEAk.jpg", "genre_ids": [80, 53, 28], "id": 9461, "original_language": "en", "original_title": "Enter the Dragon", "overview": "A martial artist agrees to spy on a reclusive crime lord using his invitation to a tournament there as cover.", "release_date": "1973-08-17", "poster_path": "/6C006cxfwjWYkBW4fM3xCMyr7Yg.jpg", "popularity": 2.064256, "title": "Enter the Dragon", "video": false, "vote_average": 7.0, "vote_count": 283}, {"adult": false, "backdrop_path": "/tBWZkKMcrWdrpkOAA84FBlzE2XK.jpg", "genre_ids": [12, 28, 53], "id": 9053, "original_language": "en", "original_title": "DOA: Dead or Alive", "overview": "Four beautiful rivals at an invitation-only martial-arts tournament join forces against a sinister threat. Princess Kasumi (Devon Aoki) is an aristocratic warrior trained by martial-arts masters. Tina Armstrong (Jaime Pressly) is a wrestling superstar. Helena Douglas (Sarah Carter) is an athlete with a tragic past. Christie Allen (Holly Valance) earns her keep as a thief and an assassin-for-hire.", "release_date": "2006-09-07", "poster_path": "/uM7T7YCZX03IQWQir8laxhhiyFp.jpg", "popularity": 2.05834, "title": "DOA: Dead or Alive", "video": false, "vote_average": 4.9, "vote_count": 116}, {"adult": false, "backdrop_path": "/vhR21XswkhZrspfuyAbybN5C2ME.jpg", "genre_ids": [80, 28, 53], "id": 290864, "original_language": "cn", "original_title": "\u4e00\u500b\u4eba\u7684\u6b66\u6797", "overview": "A martial arts instructor working at a police academy gets imprisoned after killing a man by accident. But when a vicious killer starts targeting martial arts masters, the instructor offers to help the police in return for his freedom.", "release_date": "2014-10-31", "poster_path": "/uTgzEoPNiMOUUyDxlg4s3SUQEGn.jpg", "popularity": 2.05809, "title": "Kung Fu Jungle", "video": false, "vote_average": 6.6, "vote_count": 75}, {"adult": false, "backdrop_path": "/h8nzr6L8h0lDENqLgdPGn47KlX5.jpg", "genre_ids": [18, 10769, 36, 10751, 10749], "id": 31185, "original_language": "zh", "original_title": "Baiyin diguo", "overview": "In 1899, Lord Kang must decide which of his three sons will take over his family's Chinese banking empire. When circumstances dictate that he appoint his unreliable youngest son, family bonds are pushed to the limit as father and son clash in a climate of political turmoil. Winner of the Special Jury Award at the 2009 Shanghai International Film Festival.", "release_date": "2009-02-12", "poster_path": "/uaZncFOTjCX1TiKDBCe2UZxgnu4.jpg", "popularity": 1.028375, "title": "Empire of Silver", "video": false, "vote_average": 4.0, "vote_count": 1}, {"adult": false, "backdrop_path": null, "genre_ids": [28], "id": 300697, "original_language": "en", "original_title": "Wu seng", "overview": "A troop of monks from the Shaolin Temple embark on a mission to get the Golden Sutra to Tibet after the Shaolin Abbot is killed by their traitorous teacher. They are joined on their quest by a beautiful, female warrior \u2013 with aims to avenge her father's death. They traverse forests and mountains on their mission, all the while fighting off deadly ninja assassins, vicious gangsters and even the undead.", "release_date": "1984-05-25", "poster_path": "/6H40Ic60Tyd47pSXeTdXrPXO9uE.jpg", "popularity": 1.102, "title": "Ninja vs. Shaolin Guard", "video": false, "vote_average": 4.0, "vote_count": 1}, {"adult": false, "backdrop_path": "/5YXoGdYF1pGv7NHypZWIVMvYl0O.jpg", "genre_ids": [28, 12], "id": 11841, "original_language": "cn", "original_title": "Shao Lin san shi liu fang", "overview": "The anti-Ching patriots, under the guidance of Ho Kuang-han, have secretly set up their base in Canton, disguised as school masters. During a brutal Manchu attack, Lui manages to escape, and devotes himself to learning the martial arts in order to seek revenge.", "release_date": "1978-02-02", "poster_path": "/bUVLcoeS3LgJinfsTyx1E8I0lmi.jpg", "popularity": 1.514947, "title": "The 36th Chamber of Shaolin", "video": false, "vote_average": 7.8, "vote_count": 38}, {"adult": false, "backdrop_path": "/Ag4zcxKZwBfsmKgY8jAWzWpyGXH.jpg", "genre_ids": [16, 35, 10751], "id": 15854, "original_language": "en", "original_title": "Kung Fu Panda: Secrets of the Furious Five", "overview": "Ordered to teach a martial arts class of rambunctious bunny kittens, Po tells stories of each of the Furious Five's pasts", "release_date": "2008-11-08", "poster_path": "/AlSqOP7VnEhc2x170V2eZMTgzsA.jpg", "popularity": 1.549941, "title": "Kung Fu Panda: Secrets of the Furious Five", "video": false, "vote_average": 6.4, "vote_count": 43}, {"adult": false, "backdrop_path": null, "genre_ids": [28], "id": 351719, "original_language": "zh", "original_title": "Fire Dragon", "overview": "\"Cut-and-paste\" transformation of FANTASY MISSION FORCE (directed by Kevin Chu Yen-ping) with new footage directed by Chester Wong Chung-Gwong into a nearly different movie focused on John (Kwan Chung) and Sandy (Lu I-Chan) seeking revenge for men that killed her father and raped her.", "release_date": "1983-09-02", "poster_path": "/4fxTz3X00fcC8z7AOgwHSxZAhHz.jpg", "popularity": 1.001357, "title": "Fire Dragon", "video": false, "vote_average": 6.0, "vote_count": 1}, {"adult": false, "backdrop_path": "/31qIlm8x6JH9AJDp8i9Z8fX2Dad.jpg", "genre_ids": [18, 10751], "id": 8981, "original_language": "en", "original_title": "Dear Frankie", "overview": "Nine-year-old Frankie and his single mum Lizzie have been on the move ever since Frankie can remember, most recently arriving in a seaside Scottish town. Wanting to protect her deaf son from the truth that they've run away from his father, Lizzie has invented a story that he is away at sea on the HMS Accra. Every few weeks, Lizzie writes Frankie a make-believe letter from his father, telling of his adventures in exotic lands. As Frankie tracks the ship's progress around the globe, he discovers that it is due to dock in his hometown. With the real HMS Accra arriving in only a fortnight, Lizzie must choose between telling Frankie the truth or finding the perfect stranger to play Frankie's father for just one day...", "release_date": "2004-05-18", "poster_path": "/7AaqSCwERgN6fe5dRvhiC4NlzjU.jpg", "popularity": 1.508458, "title": "Dear Frankie", "video": false, "vote_average": 5.9, "vote_count": 18}, {"adult": false, "backdrop_path": "/zDXBA5yaxfPCnRT2y4if5w9rxLX.jpg", "genre_ids": [14, 18, 10751], "id": 11236, "original_language": "en", "original_title": "The Secret Garden", "overview": "A young British girl born and reared in India loses her neglectful parents in an earthquake. She is returned to England to live at her uncle's castle. Her uncle is very distant due to the loss of his wife ten years before. Neglected once again, she begins exploring the estate and discovers a garden that has been locked and neglected. Aided by one of the servants' boys, she begins restoring the garden, and eventually discovers some other secrets of the manor.", "release_date": "1993-08-13", "poster_path": "/pI6J5nrFKh4GEUZ1eGP4AEVQOAN.jpg", "popularity": 1.508365, "title": "The Secret Garden", "video": false, "vote_average": 7.0, "vote_count": 114}], "total_pages": 29, "total_results": 573}